<?xml version='1.0' encoding='UTF-8'?>
<ExtensionManifest ExtensionBundleId="com.ksteinfe.runway-ced-pshop" ExtensionBundleVersion="1.0.0" Version="8.0" xmlns:xsi="http://www.w3.org/2001/XMLSchema-instance">
  <ExtensionList>
    <Extension Id="com.ksteinfe.runway-ced-pshop.panel" Version="1.0.0" />
  </ExtensionList>
  <ExecutionEnvironment>
    <HostList>
      <Host Name="PHSP" Version="19" />
      <Host Name="PHXS" Version="19" />
    </HostList>
    <LocaleList>
      <Locale Code="All" />
    </LocaleList>
    <RequiredRuntimeList>
      <RequiredRuntime Name="CSXS" Version="8.0" />
    </RequiredRuntimeList>
  </ExecutionEnvironment>
  <DispatchInfoList>
    <Extension Id="com.ksteinfe.runway-ced-pshop.panel">
      <DispatchInfo>
        <Resources>
          <MainPath>./client/index.html</MainPath>
          <ScriptPath>./host/index.jsx</ScriptPath>
          <CEFCommandLine>
            <Parameter>--enable-nodejs</Parameter>
            <Parameter>--mixed-context</Parameter>
          </CEFCommandLine>
        </Resources>
        <Lifecycle>
          <AutoVisible>true</AutoVisible>
        </Lifecycle>
        <UI>
          <Type>Panel</Type>
          <Menu>Sketch2Pix 0.0</Menu>
          <Geometry>
            <Size>
              <Height>50</Height>
              <Width>200</Width>
            </Size>
          </Geometry>
          <Icons />
        </UI>
      </DispatchInfo>
    </Extension>
  </DispatchInfoList>
</ExtensionManifest>
